file_name,caption
000001.jpg,sks a man with a beard and blue eyes
000002.jpg,sks a bunch of
000003.jpg,sks an image of a forest with trees and water
000004.jpg,sks a mountain scene with a person standing on top of a hill
000005.jpg,sks a set of
000006.jpg,sks a train traveling down a train track next to a mountain
000007.jpg,sks a piece of paper with a face on it
000008.jpg,sks a set of icons - stock image
000009.jpg,sks a picture of a castle in the middle of a forest
000010.jpg,sks a red apple with a green leaf on top of it
000011.jpg,sks a cat with a green scarf on its neck - stock image
000012.jpg,sks a bunch of items on a white background
000013.jpg,sks a set of monsters on a green background
000014.jpg,sks a green field with trees and clouds in the sky
000015.jpg,sks a small house sitting on top of a hill next to a body of water
000016.jpg,sks a man in a suit standing with his arms crossed
000017.jpg,sks a set of elements
000018.jpg,sks a drum set in a blue background - stock image
000019.jpg,sks a lego figure of a blue man with a smile on his face
000020.jpg,"sks a set of items including a book, a clock, a clock tower, and a cup of coffee"
000021.jpg,sks a bunch of different colored squares of fabric
000022.jpg,sks a christmas tree on a white background - stock image
000023.jpg,sks a wizard holding a wand in front of a castle
000024.jpg,sks a with a man on a skateboard in front of a tall building
000025.jpg,sks a picture of a castle in the middle of a forest
000026.jpg,sks a cannon with a lot of different items around it
000027.jpg,sks a castle on top of a hill next to a body of water
000028.jpg,sks a bunch of different types of mario bros characters
000029.jpg,sks a of a crocodile's head
000030.jpg,sks a set of icons on a blue background
000031.jpg,sks a image of a robot holding a skateboard
000032.jpg,sks a bunch of items on a white background
000033.jpg,sks a bunch of characters on a black background
000034.jpg,sks a waterfall in the middle of a body of water
000035.jpg,sks a set of of a woman in medieval clothing
000036.jpg,sks a bunch of different textures for a
000037.jpg,sks a car driving down a city street at night
000038.jpg,sks a set of
000039.jpg,sks a city street filled with lots of tall buildings
000040.jpg,sks a sunset scene with palm trees and a sailboat
000041.jpg,sks a cityscape with a sunset in the background
000042.jpg,sks a couple of pictures of a man and a woman
000043.jpg,sks a couple of deer standing on top of a lush green field
000044.jpg,sks a small town surrounded by trees and a clock tower
000045.jpg,sks a man with a stick in a jungle
000046.jpg,sks a christmas tree on a white background - stock image
000047.jpg,sks a group of
000048.jpg,sks a bunch of different electronic devices on a black background
000049.jpg,sks a set of of a boy with different facial expressions
000050.jpg,sks an image of a mario mushroom
