step,step_loss,lr
1,0.256560,0.00000050
2,0.466872,0.00000100
3,0.360539,0.00000150
4,0.445888,0.00000200
5,0.166307,0.00000250
6,0.507208,0.00000300
7,0.284394,0.00000350
8,0.169055,0.00000400
9,0.401537,0.00000450
10,0.401784,0.00000500
11,0.398487,0.00000550
12,0.489328,0.00000600
13,0.540353,0.00000650
14,0.282820,0.00000700
15,0.284471,0.00000750
16,0.296823,0.00000800
17,0.338936,0.00000850
18,0.499650,0.00000900
19,0.335815,0.00000950
20,0.326198,0.00001000
21,0.145843,0.00001050
22,0.181958,0.00001100
23,0.257947,0.00001150
24,0.469419,0.00001200
25,0.398499,0.00001250
26,0.254242,0.00001300
27,0.615313,0.00001350
28,0.113514,0.00001400
29,0.527275,0.00001450
30,0.354538,0.00001500
31,0.306238,0.00001550
32,0.276460,0.00001600
33,0.357544,0.00001650
34,0.373776,0.00001700
35,0.671139,0.00001750
36,0.286287,0.00001800
37,0.398349,0.00001850
38,0.323760,0.00001900
39,0.195803,0.00001950
40,0.261707,0.00002000
41,0.302808,0.00002050
42,0.236253,0.00002100
43,0.381990,0.00002150
44,0.291536,0.00002200
45,0.238263,0.00002250
46,0.408553,0.00002300
47,0.161895,0.00002350
48,0.261980,0.00002400
49,0.450726,0.00002450
50,0.418965,0.00002500
51,0.333665,0.00002550
52,0.255736,0.00002600
53,0.316011,0.00002650
54,0.214742,0.00002700
55,0.141407,0.00002750
56,0.227646,0.00002800
57,0.354845,0.00002850
58,0.485512,0.00002900
59,0.335829,0.00002950
60,0.152602,0.00003000
61,0.444216,0.00003050
62,0.375359,0.00003100
63,0.711262,0.00003150
64,0.252222,0.00003200
65,0.339011,0.00003250
66,0.367447,0.00003300
67,0.381048,0.00003350
68,0.182952,0.00003400
69,0.232383,0.00003450
70,0.120474,0.00003500
71,0.436705,0.00003550
72,0.426014,0.00003600
73,0.205520,0.00003650
74,0.272730,0.00003700
75,0.093235,0.00003750
76,0.134617,0.00003800
77,0.041417,0.00003850
78,0.278766,0.00003900
79,0.414442,0.00003950
80,0.273309,0.00004000
81,0.364511,0.00004050
82,0.421748,0.00004100
83,0.163170,0.00004150
84,0.191987,0.00004200
85,0.110207,0.00004250
86,0.258370,0.00004300
87,0.281765,0.00004350
88,0.313230,0.00004400
89,0.231867,0.00004450
90,0.254239,0.00004500
91,0.338253,0.00004550
92,0.260440,0.00004600
93,0.212789,0.00004650
94,0.316237,0.00004700
95,0.216394,0.00004750
96,0.161908,0.00004800
97,0.173150,0.00004850
98,0.451352,0.00004900
99,0.381180,0.00004950
100,0.289640,0.00005000
101,0.339639,0.00005050
102,0.239790,0.00005100
103,0.155051,0.00005150
104,0.222236,0.00005200
105,0.022859,0.00005250
106,0.152001,0.00005300
107,0.248244,0.00005350
108,0.439716,0.00005400
109,0.236403,0.00005450
110,0.304015,0.00005500
111,0.329015,0.00005550
112,0.355731,0.00005600
113,0.220165,0.00005650
114,0.142306,0.00005700
115,0.381806,0.00005750
116,0.189168,0.00005800
117,0.145779,0.00005850
118,0.264163,0.00005900
119,0.185082,0.00005950
120,0.422582,0.00006000
121,0.288793,0.00006050
122,0.451258,0.00006100
123,0.245755,0.00006150
124,0.355683,0.00006200
125,0.268753,0.00006250
126,0.190240,0.00006300
127,0.195855,0.00006350
128,0.438496,0.00006400
129,0.298070,0.00006450
130,0.206260,0.00006500
131,0.104074,0.00006550
132,0.321758,0.00006600
133,0.264187,0.00006650
134,0.228212,0.00006700
135,0.293186,0.00006750
136,0.141863,0.00006800
137,0.217105,0.00006850
138,0.308421,0.00006900
139,0.200865,0.00006950
140,0.756241,0.00007000
141,0.254662,0.00007050
142,0.334644,0.00007100
143,0.288168,0.00007150
144,0.226900,0.00007200
145,0.210797,0.00007250
146,0.234924,0.00007300
147,0.059081,0.00007350
148,0.117981,0.00007400
149,0.179814,0.00007450
150,0.226575,0.00007500
151,0.163569,0.00007550
152,0.231420,0.00007600
153,0.337686,0.00007650
154,0.201069,0.00007700
155,0.179087,0.00007750
156,0.242629,0.00007800
157,0.148240,0.00007850
158,0.220996,0.00007900
159,0.400721,0.00007950
160,0.273050,0.00008000
161,0.619259,0.00008050
162,0.225566,0.00008100
163,0.115704,0.00008150
164,0.291738,0.00008200
165,0.243868,0.00008250
166,0.216758,0.00008300
167,0.249810,0.00008350
168,0.108938,0.00008400
169,0.245059,0.00008450
170,0.222439,0.00008500
171,0.195124,0.00008550
172,0.090440,0.00008600
173,0.217920,0.00008650
174,0.248341,0.00008700
175,0.351624,0.00008750
176,0.201288,0.00008800
177,0.296984,0.00008850
178,0.345777,0.00008900
179,0.117531,0.00008950
180,0.293283,0.00009000
181,0.164223,0.00009050
182,0.172329,0.00009100
183,0.093875,0.00009150
184,0.208123,0.00009200
185,0.084113,0.00009250
186,0.219621,0.00009300
187,0.314942,0.00009350
188,0.399009,0.00009400
189,0.314663,0.00009450
190,0.199335,0.00009500
191,0.322814,0.00009550
192,0.431409,0.00009600
193,0.098536,0.00009650
194,0.275653,0.00009700
195,0.073150,0.00009750
196,0.154248,0.00009800
197,0.118037,0.00009850
198,0.370435,0.00009900
199,0.144464,0.00009950
200,0.119644,0.00010000
201,0.172935,0.00010000
202,0.173586,0.00010000
203,0.311273,0.00010000
204,0.090225,0.00010000
205,0.093676,0.00010000
206,0.234607,0.00010000
207,0.163095,0.00010000
208,0.213681,0.00010000
209,0.173327,0.00009999
210,0.228397,0.00009999
211,0.063634,0.00009999
212,0.149294,0.00009999
213,0.240183,0.00009999
214,0.136099,0.00009999
215,0.182795,0.00009998
216,0.147520,0.00009998
217,0.421532,0.00009998
218,0.103421,0.00009998
219,0.218388,0.00009997
220,0.139404,0.00009997
221,0.165251,0.00009997
222,0.195017,0.00009996
223,0.114691,0.00009996
224,0.039503,0.00009996
225,0.206263,0.00009995
226,0.349624,0.00009995
227,0.266261,0.00009994
228,0.119886,0.00009994
229,0.192832,0.00009994
230,0.313850,0.00009993
231,0.219616,0.00009993
232,0.169902,0.00009992
233,0.106500,0.00009992
234,0.090646,0.00009991
235,0.483003,0.00009991
236,0.246275,0.00009990
237,0.220974,0.00009990
238,0.170703,0.00009989
239,0.228043,0.00009988
240,0.195769,0.00009988
241,0.162124,0.00009987
242,0.121232,0.00009987
243,0.143400,0.00009986
244,0.239756,0.00009985
245,0.328652,0.00009985
246,0.046751,0.00009984
247,0.259194,0.00009983
248,0.125662,0.00009982
249,0.204930,0.00009982
250,0.109643,0.00009981
251,0.225746,0.00009980
252,0.071468,0.00009979
253,0.232213,0.00009979
254,0.077185,0.00009978
255,0.136679,0.00009977
256,0.167563,0.00009976
257,0.141850,0.00009975
258,0.122688,0.00009974
259,0.060015,0.00009974
260,0.258213,0.00009973
261,0.240576,0.00009972
262,0.295565,0.00009971
263,0.157710,0.00009970
264,0.247625,0.00009969
265,0.205718,0.00009968
266,0.206670,0.00009967
267,0.105021,0.00009966
268,0.242732,0.00009965
269,0.144440,0.00009964
270,0.201878,0.00009963
271,0.271218,0.00009962
272,0.189594,0.00009961
273,0.044049,0.00009959
274,0.188542,0.00009958
275,0.169787,0.00009957
276,0.195711,0.00009956
277,0.107388,0.00009955
278,0.166249,0.00009954
279,0.236905,0.00009953
280,0.118316,0.00009951
281,0.163293,0.00009950
282,0.137196,0.00009949
283,0.193472,0.00009948
284,0.090542,0.00009946
285,0.164996,0.00009945
286,0.188069,0.00009944
287,0.105909,0.00009942
288,0.219830,0.00009941
289,0.191413,0.00009940
290,0.230564,0.00009938
291,0.245238,0.00009937
292,0.100469,0.00009936
293,0.241844,0.00009934
294,0.062286,0.00009933
295,0.284017,0.00009931
296,0.108529,0.00009930
297,0.142299,0.00009929
298,0.189593,0.00009927
299,0.243819,0.00009926
300,0.129035,0.00009924
301,0.035367,0.00009923
302,0.089777,0.00009921
303,0.163664,0.00009919
304,0.221343,0.00009918
305,0.179287,0.00009916
306,0.093669,0.00009915
307,0.087211,0.00009913
308,0.053275,0.00009911
309,0.160305,0.00009910
310,0.155083,0.00009908
311,0.113759,0.00009906
312,0.123521,0.00009905
313,0.183852,0.00009903
314,0.135362,0.00009901
315,0.026504,0.00009900
316,0.243115,0.00009898
317,0.118257,0.00009896
318,0.075180,0.00009894
319,0.321202,0.00009893
320,0.110611,0.00009891
321,0.105572,0.00009889
322,0.379353,0.00009887
323,0.132633,0.00009885
324,0.286473,0.00009883
325,0.252101,0.00009881
326,0.160596,0.00009880
327,0.102821,0.00009878
328,0.191743,0.00009876
329,0.053805,0.00009874
330,0.142265,0.00009872
331,0.067965,0.00009870
332,0.140888,0.00009868
333,0.172603,0.00009866
334,0.134530,0.00009864
335,0.157695,0.00009862
336,0.193929,0.00009860
337,0.269230,0.00009858
338,0.103864,0.00009856
339,0.099220,0.00009854
340,0.225471,0.00009851
341,0.300890,0.00009849
342,0.199101,0.00009847
343,0.074057,0.00009845
344,0.185861,0.00009843
345,0.173332,0.00009841
346,0.168344,0.00009839
347,0.302210,0.00009836
348,0.118959,0.00009834
349,0.123126,0.00009832
350,0.048103,0.00009830
351,0.194190,0.00009827
352,0.089192,0.00009825
353,0.214916,0.00009823
354,0.208401,0.00009820
355,0.098870,0.00009818
356,0.140665,0.00009816
357,0.144525,0.00009813
358,0.135719,0.00009811
359,0.150709,0.00009809
360,0.128831,0.00009806
361,0.134507,0.00009804
362,0.156614,0.00009801
363,0.151078,0.00009799
364,0.088380,0.00009797
365,0.103990,0.00009794
366,0.320258,0.00009792
367,0.230470,0.00009789
368,0.180649,0.00009787
369,0.084767,0.00009784
370,0.167305,0.00009782
371,0.055905,0.00009779
372,0.239210,0.00009776
373,0.146244,0.00009774
374,0.091649,0.00009771
375,0.171572,0.00009769
376,0.117769,0.00009766
377,0.191043,0.00009763
378,0.032747,0.00009761
379,0.099034,0.00009758
380,0.159712,0.00009755
381,0.224529,0.00009753
382,0.197169,0.00009750
383,0.211426,0.00009747
384,0.101811,0.00009744
385,0.187931,0.00009742
386,0.134640,0.00009739
387,0.256397,0.00009736
388,0.072481,0.00009733
389,0.083098,0.00009730
390,0.192613,0.00009728
391,0.142166,0.00009725
392,0.176791,0.00009722
393,0.202843,0.00009719
394,0.229411,0.00009716
395,0.264014,0.00009713
396,0.132529,0.00009710
397,0.100355,0.00009707
398,0.172327,0.00009704
399,0.071030,0.00009701
400,0.135344,0.00009698
401,0.140650,0.00009695
402,0.161643,0.00009692
403,0.171790,0.00009689
404,0.138418,0.00009686
405,0.180474,0.00009683
406,0.355490,0.00009680
407,0.099731,0.00009677
408,0.254067,0.00009674
409,0.131198,0.00009671
410,0.130878,0.00009668
411,0.284651,0.00009665
412,0.154752,0.00009662
413,0.320404,0.00009658
414,0.231830,0.00009655
415,0.213588,0.00009652
416,0.168214,0.00009649
417,0.105607,0.00009646
418,0.304070,0.00009642
419,0.076696,0.00009639
420,0.083239,0.00009636
421,0.226216,0.00009633
422,0.094205,0.00009629
423,0.061903,0.00009626
424,0.176228,0.00009623
425,0.191438,0.00009619
426,0.094700,0.00009616
427,0.372912,0.00009613
428,0.179903,0.00009609
429,0.163248,0.00009606
430,0.167744,0.00009603
431,0.170945,0.00009599
432,0.153637,0.00009596
433,0.262046,0.00009592
434,0.311687,0.00009589
435,0.157407,0.00009585
436,0.150074,0.00009582
437,0.184152,0.00009578
438,0.261578,0.00009575
439,0.228274,0.00009571
440,0.079231,0.00009568
441,0.049325,0.00009564
442,0.107346,0.00009561
443,0.062730,0.00009557
444,0.249363,0.00009553
445,0.094746,0.00009550
446,0.080172,0.00009546
447,0.109064,0.00009543
448,0.070352,0.00009539
449,0.134622,0.00009535
450,0.132173,0.00009532
451,0.101710,0.00009528
452,0.115085,0.00009524
453,0.231125,0.00009520
454,0.139095,0.00009517
455,0.081503,0.00009513
456,0.368258,0.00009509
457,0.089389,0.00009505
458,0.190863,0.00009502
459,0.244499,0.00009498
460,0.214583,0.00009494
461,0.265747,0.00009490
462,0.316690,0.00009486
463,0.121712,0.00009482
464,0.241165,0.00009479
465,0.143976,0.00009475
466,0.141808,0.00009471
467,0.278989,0.00009467
468,0.129392,0.00009463
469,0.089780,0.00009459
470,0.138549,0.00009455
471,0.164351,0.00009451
472,0.066991,0.00009447
473,0.139550,0.00009443
474,0.181372,0.00009439
475,0.106130,0.00009435
476,0.227221,0.00009431
477,0.237231,0.00009427
478,0.114156,0.00009423
479,0.156595,0.00009419
480,0.175123,0.00009415
481,0.163542,0.00009411
482,0.196458,0.00009407
483,0.055263,0.00009402
484,0.198176,0.00009398
485,0.198354,0.00009394
486,0.105898,0.00009390
487,0.134400,0.00009386
488,0.143869,0.00009382
489,0.246289,0.00009377
490,0.059280,0.00009373
491,0.141900,0.00009369
492,0.144781,0.00009365
493,0.110187,0.00009360
494,0.088978,0.00009356
495,0.188107,0.00009352
496,0.175599,0.00009347
497,0.149820,0.00009343
498,0.078186,0.00009339
499,0.151209,0.00009334
500,0.243670,0.00009330
501,0.112069,0.00009326
502,0.170235,0.00009321
503,0.223297,0.00009317
504,0.071140,0.00009313
505,0.150222,0.00009308
506,0.166327,0.00009304
507,0.205968,0.00009299
508,0.291874,0.00009295
509,0.144392,0.00009290
510,0.139772,0.00009286
511,0.342737,0.00009281
512,0.099109,0.00009277
513,0.086531,0.00009272
514,0.276679,0.00009268
515,0.129695,0.00009263
516,0.162396,0.00009259
517,0.146739,0.00009254
518,0.138235,0.00009249
519,0.139398,0.00009245
520,0.198416,0.00009240
521,0.136720,0.00009236
522,0.288080,0.00009231
523,0.167690,0.00009226
524,0.181332,0.00009222
525,0.199849,0.00009217
526,0.252536,0.00009212
527,0.160860,0.00009208
528,0.136565,0.00009203
529,0.130188,0.00009198
530,0.140671,0.00009193
531,0.171391,0.00009189
532,0.228745,0.00009184
533,0.148927,0.00009179
534,0.157963,0.00009174
535,0.138101,0.00009169
536,0.244690,0.00009165
537,0.124085,0.00009160
538,0.159788,0.00009155
539,0.149297,0.00009150
540,0.145935,0.00009145
541,0.172469,0.00009140
542,0.136194,0.00009135
543,0.168259,0.00009130
544,0.167948,0.00009126
545,0.102302,0.00009121
546,0.396703,0.00009116
547,0.048280,0.00009111
548,0.086354,0.00009106
549,0.103366,0.00009101
550,0.109418,0.00009096
551,0.073907,0.00009091
552,0.117837,0.00009086
553,0.029008,0.00009081
554,0.181126,0.00009076
555,0.239522,0.00009071
556,0.234396,0.00009066
557,0.221857,0.00009060
558,0.056520,0.00009055
559,0.176378,0.00009050
560,0.075220,0.00009045
561,0.233186,0.00009040
562,0.154538,0.00009035
563,0.192744,0.00009030
564,0.054347,0.00009024
565,0.073888,0.00009019
566,0.183388,0.00009014
567,0.100945,0.00009009
568,0.158323,0.00009004
569,0.173253,0.00008998
570,0.100663,0.00008993
571,0.172467,0.00008988
572,0.247575,0.00008983
573,0.063872,0.00008977
574,0.238266,0.00008972
575,0.050836,0.00008967
576,0.137509,0.00008961
577,0.087308,0.00008956
578,0.319033,0.00008951
579,0.109958,0.00008945
580,0.193128,0.00008940
581,0.131149,0.00008935
582,0.146507,0.00008929
583,0.240540,0.00008924
584,0.120832,0.00008918
585,0.131598,0.00008913
586,0.210600,0.00008908
587,0.210597,0.00008902
588,0.110878,0.00008897
589,0.173976,0.00008891
590,0.277319,0.00008886
591,0.131209,0.00008880
592,0.102096,0.00008875
593,0.228874,0.00008869
594,0.216468,0.00008864
595,0.105680,0.00008858
596,0.131517,0.00008853
597,0.229762,0.00008847
598,0.100294,0.00008841
599,0.174277,0.00008836
600,0.036172,0.00008830
601,0.215606,0.00008825
602,0.181294,0.00008819
603,0.116651,0.00008813
604,0.083591,0.00008808
605,0.130671,0.00008802
606,0.283203,0.00008796
607,0.182243,0.00008791
608,0.094864,0.00008785
609,0.092664,0.00008779
610,0.091926,0.00008774
611,0.177590,0.00008768
612,0.112602,0.00008762
613,0.188696,0.00008756
614,0.102672,0.00008751
615,0.202079,0.00008745
616,0.332451,0.00008739
617,0.129062,0.00008733
618,0.191099,0.00008727
619,0.115621,0.00008722
620,0.107657,0.00008716
621,0.147285,0.00008710
622,0.223371,0.00008704
623,0.033953,0.00008698
624,0.160744,0.00008692
625,0.122346,0.00008686
626,0.276395,0.00008680
627,0.133126,0.00008675
628,0.037492,0.00008669
629,0.222794,0.00008663
630,0.253178,0.00008657
631,0.098275,0.00008651
632,0.086812,0.00008645
633,0.119760,0.00008639
634,0.136171,0.00008633
635,0.117963,0.00008627
636,0.206950,0.00008621
637,0.251318,0.00008615
638,0.073709,0.00008609
639,0.114041,0.00008603
640,0.076691,0.00008597
641,0.082990,0.00008591
642,0.163530,0.00008585
643,0.160203,0.00008578
644,0.060221,0.00008572
645,0.078779,0.00008566
646,0.181109,0.00008560
647,0.289012,0.00008554
648,0.149169,0.00008548
649,0.167844,0.00008542
650,0.151549,0.00008536
651,0.054270,0.00008529
652,0.145323,0.00008523
653,0.202136,0.00008517
654,0.170427,0.00008511
655,0.177435,0.00008505
656,0.247017,0.00008498
657,0.149959,0.00008492
658,0.309743,0.00008486
659,0.151244,0.00008480
660,0.151246,0.00008473
661,0.090019,0.00008467
662,0.103375,0.00008461
663,0.177205,0.00008454
664,0.123419,0.00008448
665,0.030104,0.00008442
666,0.210746,0.00008435
667,0.289620,0.00008429
668,0.142534,0.00008423
669,0.093937,0.00008416
670,0.118221,0.00008410
671,0.228538,0.00008404
672,0.077576,0.00008397
673,0.180392,0.00008391
674,0.065763,0.00008384
675,0.141195,0.00008378
676,0.182956,0.00008372
677,0.130043,0.00008365
678,0.113856,0.00008359
679,0.109518,0.00008352
680,0.166904,0.00008346
681,0.107552,0.00008339
682,0.126192,0.00008333
683,0.151565,0.00008326
684,0.165193,0.00008320
685,0.173474,0.00008313
686,0.141825,0.00008307
687,0.205034,0.00008300
688,0.273640,0.00008293
689,0.169446,0.00008287
690,0.102747,0.00008280
691,0.112957,0.00008274
692,0.122945,0.00008267
693,0.075413,0.00008260
694,0.096717,0.00008254
695,0.078461,0.00008247
696,0.225056,0.00008241
697,0.136164,0.00008234
698,0.180200,0.00008227
699,0.219597,0.00008221
700,0.204477,0.00008214
701,0.094771,0.00008207
702,0.131758,0.00008201
703,0.072391,0.00008194
704,0.155807,0.00008187
705,0.114540,0.00008180
706,0.152197,0.00008174
707,0.108871,0.00008167
708,0.141392,0.00008160
709,0.132029,0.00008153
710,0.117360,0.00008147
711,0.188436,0.00008140
712,0.213464,0.00008133
713,0.176084,0.00008126
714,0.100937,0.00008126
715,0.271295,0.00008119
716,0.171131,0.00008113
717,0.146384,0.00008106
718,0.175878,0.00008099
719,0.071133,0.00008092
720,0.200180,0.00008085
721,0.493279,0.00008078
722,0.120220,0.00008071
723,0.070336,0.00008065
724,0.148474,0.00008058
725,0.089610,0.00008051
726,0.092623,0.00008044
727,0.117228,0.00008037
728,0.108125,0.00008030
729,0.079235,0.00008023
730,0.140905,0.00008016
731,0.100820,0.00008009
732,0.079586,0.00008002
733,0.152745,0.00007995
734,0.111770,0.00007988
735,0.369956,0.00007981
736,0.089244,0.00007974
737,0.129338,0.00007967
738,0.071088,0.00007960
739,0.063831,0.00007953
740,0.140498,0.00007946
741,0.197667,0.00007939
742,0.189461,0.00007932
743,0.146780,0.00007925
744,0.116351,0.00007918
745,0.105417,0.00007911
746,0.131435,0.00007904
747,0.094217,0.00007896
748,0.068768,0.00007889
749,0.075566,0.00007882
750,0.137508,0.00007875
751,0.074986,0.00007868
752,0.088366,0.00007861
753,0.089023,0.00007854
754,0.225455,0.00007846
755,0.119543,0.00007839
756,0.443642,0.00007832
757,0.043331,0.00007825
758,0.139225,0.00007818
759,0.125772,0.00007810
760,0.143060,0.00007803
761,0.215020,0.00007796
762,0.129606,0.00007789
763,0.008371,0.00007781
764,0.092202,0.00007774
765,0.152521,0.00007767
766,0.122331,0.00007760
767,0.154609,0.00007752
768,0.077744,0.00007745
769,0.112392,0.00007738
770,0.113161,0.00007731
771,0.149998,0.00007723
772,0.063080,0.00007716
773,0.159265,0.00007709
774,0.162804,0.00007701
775,0.068103,0.00007694
776,0.148429,0.00007686
777,0.277585,0.00007679
778,0.166068,0.00007672
779,0.099025,0.00007664
780,0.106626,0.00007657
781,0.083668,0.00007650
782,0.179484,0.00007642
783,0.236468,0.00007635
784,0.063603,0.00007627
785,0.110059,0.00007620
786,0.113696,0.00007612
787,0.175058,0.00007605
788,0.070834,0.00007598
789,0.161821,0.00007590
790,0.112156,0.00007583
791,0.113024,0.00007575
792,0.122562,0.00007568
793,0.069121,0.00007560
794,0.218425,0.00007553
795,0.101470,0.00007545
796,0.266679,0.00007538
797,0.154068,0.00007530
798,0.041220,0.00007523
799,0.151641,0.00007515
800,0.037151,0.00007508
801,0.120893,0.00007500
802,0.285398,0.00007492
803,0.090495,0.00007485
804,0.111660,0.00007477
805,0.023582,0.00007470
806,0.116530,0.00007462
807,0.127260,0.00007455
808,0.066884,0.00007447
809,0.094134,0.00007439
810,0.161739,0.00007432
811,0.051036,0.00007424
812,0.087527,0.00007416
813,0.074304,0.00007409
814,0.116964,0.00007401
815,0.089766,0.00007393
816,0.069424,0.00007386
817,0.197314,0.00007378
818,0.134411,0.00007370
819,0.085196,0.00007363
820,0.137514,0.00007355
821,0.221742,0.00007347
822,0.194648,0.00007340
823,0.049225,0.00007332
824,0.128303,0.00007324
825,0.092294,0.00007316
826,0.128251,0.00007309
827,0.128785,0.00007301
828,0.163222,0.00007293
829,0.100674,0.00007285
830,0.222234,0.00007278
831,0.174165,0.00007270
832,0.140211,0.00007262
833,0.456517,0.00007254
834,0.144914,0.00007247
835,0.097437,0.00007239
836,0.166395,0.00007231
837,0.164625,0.00007223
838,0.121073,0.00007215
839,0.129900,0.00007208
840,0.069945,0.00007200
841,0.149785,0.00007192
842,0.155325,0.00007184
843,0.221158,0.00007176
844,0.206118,0.00007168
845,0.075736,0.00007160
846,0.074439,0.00007153
847,0.127332,0.00007145
848,0.131268,0.00007137
849,0.140462,0.00007129
850,0.202578,0.00007121
851,0.110749,0.00007113
852,0.181355,0.00007105
853,0.093265,0.00007097
854,0.048525,0.00007089
855,0.155446,0.00007081
856,0.129958,0.00007073
857,0.117294,0.00007066
858,0.093166,0.00007058
859,0.115881,0.00007050
860,0.175200,0.00007042
861,0.028623,0.00007034
862,0.124970,0.00007026
863,0.105004,0.00007018
864,0.062000,0.00007010
865,0.117648,0.00007002
866,0.081576,0.00006994
867,0.153586,0.00006986
868,0.083833,0.00006978
869,0.077283,0.00006970
870,0.184324,0.00006962
871,0.073649,0.00006954
872,0.087619,0.00006946
873,0.120954,0.00006938
874,0.139210,0.00006930
875,0.387696,0.00006921
876,0.159978,0.00006913
877,0.190754,0.00006905
878,0.110931,0.00006897
879,0.096992,0.00006889
880,0.241230,0.00006881
881,0.150470,0.00006873
882,0.371026,0.00006865
883,0.095545,0.00006857
884,0.140802,0.00006849
885,0.107955,0.00006841
886,0.129550,0.00006833
887,0.123280,0.00006824
888,0.182583,0.00006816
889,0.025281,0.00006808
890,0.298659,0.00006800
891,0.095659,0.00006792
892,0.067577,0.00006784
893,0.108866,0.00006776
894,0.124803,0.00006767
895,0.087244,0.00006759
896,0.019598,0.00006751
897,0.108594,0.00006743
898,0.315337,0.00006735
899,0.153120,0.00006726
900,0.144901,0.00006718
901,0.082120,0.00006710
902,0.093892,0.00006702
903,0.134417,0.00006694
904,0.060321,0.00006685
905,0.165893,0.00006677
906,0.105654,0.00006669
907,0.068404,0.00006661
908,0.134636,0.00006653
909,0.095307,0.00006644
910,0.060749,0.00006636
911,0.191483,0.00006628
912,0.173189,0.00006620
913,0.089924,0.00006611
914,0.200394,0.00006603
915,0.188115,0.00006595
916,0.127814,0.00006587
917,0.299895,0.00006578
918,0.099603,0.00006570
919,0.138789,0.00006562
920,0.139673,0.00006553
921,0.081283,0.00006545
922,0.209468,0.00006537
923,0.171840,0.00006528
924,0.137927,0.00006520
925,0.104970,0.00006512
926,0.155820,0.00006504
927,0.208749,0.00006495
928,0.255363,0.00006487
929,0.082796,0.00006479
930,0.160636,0.00006470
931,0.091288,0.00006462
932,0.243645,0.00006454
933,0.130539,0.00006445
934,0.116135,0.00006437
935,0.184081,0.00006428
936,0.134665,0.00006420
937,0.138927,0.00006412
938,0.027877,0.00006403
939,0.161374,0.00006395
940,0.081236,0.00006387
941,0.140953,0.00006378
942,0.040349,0.00006370
943,0.056228,0.00006361
944,0.059957,0.00006353
945,0.448536,0.00006353
946,0.185219,0.00006345
947,0.190237,0.00006336
948,0.149446,0.00006328
949,0.148236,0.00006319
950,0.132037,0.00006311
951,0.118477,0.00006303
952,0.036055,0.00006294
953,0.186335,0.00006286
954,0.108350,0.00006277
955,0.224714,0.00006269
956,0.105771,0.00006260
957,0.169257,0.00006252
958,0.125205,0.00006243
959,0.290210,0.00006235
960,0.064296,0.00006227
961,0.214983,0.00006218
962,0.131258,0.00006210
963,0.091986,0.00006201
964,0.125830,0.00006193
965,0.143874,0.00006184
966,0.321048,0.00006176
967,0.109213,0.00006167
968,0.117687,0.00006159
969,0.048754,0.00006150
970,0.193742,0.00006142
971,0.079288,0.00006133
972,0.191519,0.00006125
973,0.294482,0.00006116
974,0.081088,0.00006108
975,0.058578,0.00006099
976,0.130236,0.00006091
977,0.138185,0.00006082
978,0.204815,0.00006074
979,0.115486,0.00006065
980,0.039724,0.00006057
981,0.088764,0.00006048
982,0.117603,0.00006040
983,0.142716,0.00006031
984,0.093986,0.00006022
985,0.118693,0.00006014
986,0.081910,0.00006005
987,0.267110,0.00005997
988,0.193430,0.00005988
989,0.174675,0.00005980
990,0.110865,0.00005971
991,0.177636,0.00005963
992,0.136425,0.00005954
993,0.125988,0.00005945
994,0.007887,0.00005937
995,0.054685,0.00005928
996,0.219256,0.00005920
997,0.078973,0.00005911
998,0.141084,0.00005903
999,0.154671,0.00005894
1000,0.128826,0.00005885
1001,0.086029,0.00005877
1002,0.201362,0.00005868
1003,0.171334,0.00005860
1004,0.059225,0.00005851
1005,0.222248,0.00005842
1006,0.114059,0.00005834
1007,0.086796,0.00005825
1008,0.143879,0.00005817
1009,0.128109,0.00005808
1010,0.126714,0.00005799
1011,0.253533,0.00005791
1012,0.217904,0.00005782
1013,0.071824,0.00005774
1014,0.117877,0.00005765
1015,0.075593,0.00005756
1016,0.190578,0.00005748
1017,0.097570,0.00005739
1018,0.069110,0.00005730
1019,0.110931,0.00005722
1020,0.119690,0.00005713
1021,0.126509,0.00005705
1022,0.580647,0.00005696
1023,0.142671,0.00005687
1024,0.125918,0.00005679
1025,0.065514,0.00005670
1026,0.102277,0.00005661
1027,0.111224,0.00005653
1028,0.254878,0.00005644
1029,0.184832,0.00005635
1030,0.110983,0.00005627
1031,0.075760,0.00005618
1032,0.256605,0.00005609
1033,0.081298,0.00005601
1034,0.085140,0.00005592
1035,0.219157,0.00005583
1036,0.039139,0.00005575
1037,0.083077,0.00005566
1038,0.135958,0.00005557
1039,0.124403,0.00005549
1040,0.098693,0.00005540
1041,0.227953,0.00005531
1042,0.120375,0.00005523
1043,0.202915,0.00005514
1044,0.130039,0.00005505
1045,0.135761,0.00005497
1046,0.131373,0.00005488
1047,0.189591,0.00005479
1048,0.132083,0.00005471
1049,0.122296,0.00005462
1050,0.059752,0.00005453
1051,0.194963,0.00005444
1052,0.160974,0.00005436
1053,0.089712,0.00005427
1054,0.124048,0.00005418
1055,0.197418,0.00005410
1056,0.122742,0.00005401
1057,0.277606,0.00005392
1058,0.160586,0.00005384
1059,0.067363,0.00005375
1060,0.178587,0.00005366
1061,0.141091,0.00005357
1062,0.135556,0.00005349
1063,0.141534,0.00005340
1064,0.136468,0.00005331
1065,0.146339,0.00005323
1066,0.086779,0.00005314
1067,0.222913,0.00005305
1068,0.109792,0.00005297
1069,0.109125,0.00005288
1070,0.178976,0.00005279
1071,0.146999,0.00005270
1072,0.104723,0.00005262
1073,0.164682,0.00005253
1074,0.181793,0.00005244
1075,0.137018,0.00005236
1076,0.148696,0.00005227
1077,0.187178,0.00005218
1078,0.041272,0.00005209
1079,0.139252,0.00005201
1080,0.126776,0.00005192
1081,0.136803,0.00005183
1082,0.139859,0.00005174
1083,0.260866,0.00005166
1084,0.151114,0.00005157
1085,0.412985,0.00005148
1086,0.093497,0.00005140
1087,0.072600,0.00005131
1088,0.123811,0.00005122
1089,0.147669,0.00005113
1090,0.104789,0.00005105
1091,0.080097,0.00005096
1092,0.274564,0.00005087
1093,0.066572,0.00005079
1094,0.129063,0.00005070
1095,0.202324,0.00005061
1096,0.254592,0.00005052
1097,0.100688,0.00005044
1098,0.110954,0.00005035
1099,0.168954,0.00005026
1100,0.193802,0.00005017
1101,0.092458,0.00005009
1102,0.105773,0.00005000
1103,0.134332,0.00004991
1104,0.200981,0.00004983
1105,0.125955,0.00004974
1106,0.118232,0.00004965
1107,0.101390,0.00004956
1108,0.076012,0.00004948
1109,0.083245,0.00004939
1110,0.089126,0.00004930
1111,0.042209,0.00004921
1112,0.127290,0.00004913
1113,0.098913,0.00004904
1114,0.097988,0.00004895
1115,0.066976,0.00004887
1116,0.092266,0.00004878
1117,0.169339,0.00004869
1118,0.084877,0.00004860
1119,0.110044,0.00004852
1120,0.043397,0.00004843
1121,0.056476,0.00004834
1122,0.120642,0.00004826
1123,0.156943,0.00004817
1124,0.162699,0.00004808
1125,0.087455,0.00004799
1126,0.133373,0.00004791
1127,0.208392,0.00004782
1128,0.153774,0.00004773
1129,0.122750,0.00004764
1130,0.169052,0.00004756
1131,0.045606,0.00004747
1132,0.101241,0.00004738
1133,0.105202,0.00004730
1134,0.045568,0.00004721
1135,0.197544,0.00004712
1136,0.111505,0.00004703
1137,0.188393,0.00004695
1138,0.166986,0.00004686
1139,0.208108,0.00004677
1140,0.062718,0.00004669
1141,0.094830,0.00004660
1142,0.182149,0.00004651
1143,0.053775,0.00004643
1144,0.071972,0.00004634
1145,0.103496,0.00004625
1146,0.082212,0.00004616
1147,0.153456,0.00004608
1148,0.042361,0.00004599
1149,0.111250,0.00004590
1150,0.122312,0.00004582
1151,0.176818,0.00004573
1152,0.156736,0.00004564
1153,0.137723,0.00004556
1154,0.140826,0.00004547
1155,0.140260,0.00004538
1156,0.106038,0.00004529
1157,0.122720,0.00004521
1158,0.066963,0.00004512
1159,0.142339,0.00004503
1160,0.101063,0.00004495
1161,0.135617,0.00004486
1162,0.380527,0.00004477
1163,0.085606,0.00004469
1164,0.203823,0.00004460
1165,0.134135,0.00004451
1166,0.134736,0.00004443
1167,0.155098,0.00004434
1168,0.122339,0.00004425
1169,0.057160,0.00004417
1170,0.164196,0.00004408
1171,0.136132,0.00004399
1172,0.059919,0.00004391
1173,0.094149,0.00004382
1174,0.207221,0.00004373
1175,0.232975,0.00004365
1176,0.177536,0.00004356
1177,0.163230,0.00004347
1178,0.057058,0.00004339
1179,0.106895,0.00004330
1180,0.182846,0.00004321
1181,0.105373,0.00004313
1182,0.171687,0.00004304
1183,0.025976,0.00004295
1184,0.177786,0.00004287
1185,0.107791,0.00004278
1186,0.153372,0.00004270
1187,0.046145,0.00004261
1188,0.280699,0.00004252
1189,0.113121,0.00004244
1190,0.097312,0.00004235
1191,0.069454,0.00004226
1192,0.254899,0.00004218
1193,0.103390,0.00004209
1194,0.126870,0.00004201
1195,0.140365,0.00004192
1196,0.097815,0.00004183
1197,0.209880,0.00004175
1198,0.142484,0.00004166
1199,0.075724,0.00004158
1200,0.151880,0.00004149
1201,0.049929,0.00004140
1202,0.203791,0.00004132
1203,0.117448,0.00004123
1204,0.087510,0.00004115
1205,0.211685,0.00004106
1206,0.267120,0.00004097
1207,0.129654,0.00004089
1208,0.159496,0.00004080
1209,0.137201,0.00004072
1210,0.176233,0.00004063
1211,0.146896,0.00004055
1212,0.163132,0.00004046
1213,0.084465,0.00004037
1214,0.102253,0.00004029
1215,0.086047,0.00004020
1216,0.099482,0.00004012
1217,0.139042,0.00004003
1218,0.148021,0.00003995
1219,0.091964,0.00003986
1220,0.214622,0.00003978
1221,0.156643,0.00003969
1222,0.088191,0.00003960
1223,0.089664,0.00003952
1224,0.093063,0.00003943
1225,0.198957,0.00003935
1226,0.240239,0.00003926
1227,0.097989,0.00003918
1228,0.163796,0.00003909
1229,0.082639,0.00003901
1230,0.129803,0.00003892
1231,0.186111,0.00003884
1232,0.215372,0.00003875
1233,0.195097,0.00003867
1234,0.035749,0.00003858
1235,0.190678,0.00003850
1236,0.060897,0.00003841
1237,0.062217,0.00003833
1238,0.165550,0.00003824
1239,0.067979,0.00003816
1240,0.178483,0.00003807
1241,0.098252,0.00003799
1242,0.197053,0.00003790
1243,0.209161,0.00003782
1244,0.110736,0.00003773
1245,0.168440,0.00003765
1246,0.068055,0.00003757
1247,0.091365,0.00003748
1248,0.095028,0.00003740
1249,0.212587,0.00003731
1250,0.144212,0.00003723
1251,0.087549,0.00003714
1252,0.146787,0.00003706
1253,0.027418,0.00003697
1254,0.125895,0.00003689
1255,0.204820,0.00003681
1256,0.157226,0.00003672
1257,0.083875,0.00003664
1258,0.152827,0.00003655
1259,0.109168,0.00003647
1260,0.070332,0.00003639
1261,0.162107,0.00003630
1262,0.140468,0.00003622
1263,0.107772,0.00003613
1264,0.070033,0.00003605
1265,0.128188,0.00003597
1266,0.111200,0.00003588
1267,0.094678,0.00003580
1268,0.112557,0.00003572
1269,0.083960,0.00003563
1270,0.081866,0.00003555
1271,0.160615,0.00003546
1272,0.197477,0.00003538
1273,0.073574,0.00003530
1274,0.336272,0.00003521
1275,0.141563,0.00003513
1276,0.150047,0.00003505
1277,0.166911,0.00003496
1278,0.159541,0.00003488
1279,0.148854,0.00003480
1280,0.180985,0.00003472
1281,0.040122,0.00003463
1282,0.057322,0.00003455
1283,0.040828,0.00003447
1284,0.114484,0.00003438
1285,0.142720,0.00003430
1286,0.101646,0.00003422
1287,0.137679,0.00003413
1288,0.121020,0.00003405
1289,0.168000,0.00003397
1290,0.108033,0.00003389
1291,0.111758,0.00003380
1292,0.185859,0.00003372
1293,0.155001,0.00003364
1294,0.148763,0.00003356
1295,0.162302,0.00003347
1296,0.221411,0.00003339
1297,0.126758,0.00003331
1298,0.127879,0.00003323
1299,0.153723,0.00003315
1300,0.252656,0.00003306
1301,0.105229,0.00003298
1302,0.333893,0.00003290
1303,0.140720,0.00003282
1304,0.070783,0.00003274
1305,0.184618,0.00003265
1306,0.054224,0.00003257
1307,0.069013,0.00003249
1308,0.124435,0.00003241
1309,0.153457,0.00003233
1310,0.122410,0.00003224
1311,0.172895,0.00003216
1312,0.068547,0.00003208
1313,0.175320,0.00003200
1314,0.120539,0.00003192
1315,0.091060,0.00003184
1316,0.141545,0.00003176
1317,0.068796,0.00003167
1318,0.200855,0.00003159
1319,0.170467,0.00003151
1320,0.148268,0.00003143
1321,0.083194,0.00003135
1322,0.125280,0.00003127
1323,0.174238,0.00003119
1324,0.098910,0.00003111
1325,0.088193,0.00003103
1326,0.038582,0.00003095
1327,0.132477,0.00003087
1328,0.156856,0.00003079
1329,0.071632,0.00003070
1330,0.197790,0.00003062
1331,0.078849,0.00003054
1332,0.152760,0.00003046
1333,0.086335,0.00003038
1334,0.082426,0.00003030
1335,0.100686,0.00003022
1336,0.134220,0.00003014
1337,0.146763,0.00003006
1338,0.266051,0.00002998
1339,0.066976,0.00002990
1340,0.208906,0.00002982
1341,0.213842,0.00002974
1342,0.088132,0.00002966
1343,0.134226,0.00002958
1344,0.200572,0.00002950
1345,0.100893,0.00002942
1346,0.150695,0.00002934
1347,0.165452,0.00002927
1348,0.114887,0.00002919
1349,0.045516,0.00002911
1350,0.114045,0.00002903
1351,0.328978,0.00002895
1352,0.213583,0.00002887
1353,0.063532,0.00002879
1354,0.046555,0.00002871
1355,0.118108,0.00002863
1356,0.046170,0.00002855
1357,0.113584,0.00002847
1358,0.228110,0.00002840
1359,0.087619,0.00002832
1360,0.102391,0.00002824
1361,0.062820,0.00002816
1362,0.198283,0.00002808
1363,0.120799,0.00002800
1364,0.158477,0.00002792
1365,0.018176,0.00002785
1366,0.162792,0.00002777
1367,0.084554,0.00002769
1368,0.134221,0.00002761
1369,0.128837,0.00002753
1370,0.036363,0.00002746
1371,0.223218,0.00002738
1372,0.039753,0.00002730
1373,0.238337,0.00002730
1374,0.146350,0.00002722
1375,0.117052,0.00002715
1376,0.208140,0.00002707
1377,0.076051,0.00002699
1378,0.102711,0.00002691
1379,0.077250,0.00002684
1380,0.107242,0.00002676
1381,0.162837,0.00002668
1382,0.175702,0.00002660
1383,0.076951,0.00002653
1384,0.098120,0.00002645
1385,0.147914,0.00002637
1386,0.407533,0.00002630
1387,0.130429,0.00002622
1388,0.128293,0.00002614
1389,0.137170,0.00002607
1390,0.169817,0.00002599
1391,0.152113,0.00002591
1392,0.142353,0.00002584
1393,0.095409,0.00002576
1394,0.087499,0.00002568
1395,0.090636,0.00002561
1396,0.139275,0.00002553
1397,0.047362,0.00002545
1398,0.104022,0.00002538
1399,0.094976,0.00002530
1400,0.374004,0.00002523
1401,0.104484,0.00002515
1402,0.115807,0.00002508
1403,0.106081,0.00002500
1404,0.240579,0.00002492
1405,0.174586,0.00002485
1406,0.096514,0.00002477
1407,0.021579,0.00002470
1408,0.093006,0.00002462
1409,0.129170,0.00002455
1410,0.121873,0.00002447
1411,0.213835,0.00002440
1412,0.087805,0.00002432
1413,0.104012,0.00002425
1414,0.033865,0.00002417
1415,0.139566,0.00002410
1416,0.113570,0.00002402
1417,0.107670,0.00002395
1418,0.202206,0.00002388
1419,0.078053,0.00002380
1420,0.214840,0.00002373
1421,0.068331,0.00002365
1422,0.053747,0.00002358
1423,0.137342,0.00002350
1424,0.143374,0.00002343
1425,0.103659,0.00002336
1426,0.143952,0.00002328
1427,0.109029,0.00002321
1428,0.072325,0.00002314
1429,0.132014,0.00002306
1430,0.046352,0.00002299
1431,0.147664,0.00002291
1432,0.115000,0.00002284
1433,0.124157,0.00002277
1434,0.099278,0.00002269
1435,0.047842,0.00002262
1436,0.128613,0.00002255
1437,0.150000,0.00002248
1438,0.131057,0.00002240
1439,0.103698,0.00002233
1440,0.087108,0.00002226
1441,0.151283,0.00002219
1442,0.044583,0.00002211
1443,0.131191,0.00002204
1444,0.122451,0.00002197
1445,0.106775,0.00002190
1446,0.105254,0.00002182
1447,0.215107,0.00002175
1448,0.056219,0.00002168
1449,0.056584,0.00002161
1450,0.293221,0.00002154
1451,0.061523,0.00002146
1452,0.164666,0.00002139
1453,0.114314,0.00002132
1454,0.096700,0.00002125
1455,0.097781,0.00002118
1456,0.135651,0.00002111
1457,0.140468,0.00002104
1458,0.208841,0.00002096
1459,0.138727,0.00002089
1460,0.118643,0.00002082
1461,0.112302,0.00002075
1462,0.098600,0.00002068
1463,0.015341,0.00002061
1464,0.129880,0.00002054
1465,0.164814,0.00002047
1466,0.101239,0.00002040
1467,0.181908,0.00002033
1468,0.127903,0.00002026
1469,0.174631,0.00002019
1470,0.037643,0.00002012
1471,0.061437,0.00002005
1472,0.107167,0.00001998
1473,0.153770,0.00001991
1474,0.053984,0.00001984
1475,0.113111,0.00001977
1476,0.205056,0.00001970
1477,0.094255,0.00001963
1478,0.093631,0.00001956
1479,0.200921,0.00001949
1480,0.295131,0.00001942
1481,0.195074,0.00001935
1482,0.071624,0.00001929
1483,0.155595,0.00001922
1484,0.196946,0.00001915
1485,0.146551,0.00001908
1486,0.103351,0.00001901
1487,0.158085,0.00001894
1488,0.069557,0.00001887
1489,0.100927,0.00001881
1490,0.172514,0.00001874
1491,0.050995,0.00001867
1492,0.064483,0.00001860
1493,0.122875,0.00001853
1494,0.113093,0.00001847
1495,0.101328,0.00001840
1496,0.143413,0.00001833
1497,0.129165,0.00001826
1498,0.246469,0.00001820
1499,0.101620,0.00001813
1500,0.131878,0.00001806
1501,0.090868,0.00001799
1502,0.162164,0.00001793
1503,0.153214,0.00001786
1504,0.146266,0.00001779
1505,0.101250,0.00001773
1506,0.141381,0.00001766
1507,0.183661,0.00001759
1508,0.072143,0.00001753
1509,0.111316,0.00001746
1510,0.055069,0.00001740
1511,0.162600,0.00001733
1512,0.050581,0.00001726
1513,0.123730,0.00001720
1514,0.079748,0.00001713
1515,0.119847,0.00001707
1516,0.098725,0.00001700
1517,0.100011,0.00001693
1518,0.188977,0.00001687
1519,0.104979,0.00001680
1520,0.096818,0.00001674
1521,0.153415,0.00001667
1522,0.118446,0.00001661
1523,0.216486,0.00001654
1524,0.062104,0.00001648
1525,0.146515,0.00001641
1526,0.050957,0.00001635
1527,0.123405,0.00001628
1528,0.154290,0.00001622
1529,0.121270,0.00001616
1530,0.104894,0.00001609
1531,0.113203,0.00001603
1532,0.125278,0.00001596
1533,0.041451,0.00001590
1534,0.177166,0.00001584
1535,0.109947,0.00001577
1536,0.083150,0.00001571
1537,0.117390,0.00001565
1538,0.097888,0.00001558
1539,0.034595,0.00001552
1540,0.203665,0.00001546
1541,0.146355,0.00001539
1542,0.070791,0.00001533
1543,0.149045,0.00001527
1544,0.194198,0.00001520
1545,0.191912,0.00001514
1546,0.156533,0.00001508
1547,0.188751,0.00001502
1548,0.119276,0.00001495
1549,0.051723,0.00001489
1550,0.137993,0.00001483
1551,0.127370,0.00001477
1552,0.091621,0.00001471
1553,0.180682,0.00001464
1554,0.040469,0.00001458
1555,0.182975,0.00001452
1556,0.114563,0.00001446
1557,0.142185,0.00001440
1558,0.075806,0.00001434
1559,0.208590,0.00001428
1560,0.055463,0.00001422
1561,0.038543,0.00001415
1562,0.035478,0.00001409
1563,0.124410,0.00001403
1564,0.074362,0.00001397
1565,0.242318,0.00001391
1566,0.093990,0.00001385
1567,0.112774,0.00001379
1568,0.150920,0.00001373
1569,0.222869,0.00001367
1570,0.197987,0.00001361
1571,0.149567,0.00001355
1572,0.153404,0.00001349
1573,0.136953,0.00001343
1574,0.076627,0.00001337
1575,0.133438,0.00001331
1576,0.158803,0.00001325
1577,0.146349,0.00001320
1578,0.149372,0.00001314
1579,0.221124,0.00001308
1580,0.166163,0.00001302
1581,0.107022,0.00001296
1582,0.028518,0.00001290
1583,0.139335,0.00001284
1584,0.118621,0.00001278
1585,0.075594,0.00001273
1586,0.101375,0.00001267
1587,0.083840,0.00001261
1588,0.204431,0.00001255
1589,0.070677,0.00001249
1590,0.120457,0.00001244
1591,0.130005,0.00001238
1592,0.153068,0.00001232
1593,0.059609,0.00001226
1594,0.132797,0.00001221
1595,0.132519,0.00001215
1596,0.169974,0.00001209
1597,0.072348,0.00001204
1598,0.131860,0.00001198
1599,0.107033,0.00001192
1600,0.262478,0.00001187
1601,0.135772,0.00001181
1602,0.135863,0.00001175
1603,0.037954,0.00001170
1604,0.198659,0.00001164
1605,0.130346,0.00001159
1606,0.135745,0.00001153
1607,0.101477,0.00001147
1608,0.092768,0.00001142
1609,0.035671,0.00001136
1610,0.225617,0.00001131
1611,0.081046,0.00001125
1612,0.076381,0.00001120
1613,0.132409,0.00001114
1614,0.118145,0.00001109
1615,0.101462,0.00001103
1616,0.144932,0.00001098
1617,0.109336,0.00001092
1618,0.147797,0.00001087
1619,0.123601,0.00001082
1620,0.077557,0.00001076
1621,0.158701,0.00001071
1622,0.149336,0.00001065
1623,0.113328,0.00001060
1624,0.084815,0.00001055
1625,0.084858,0.00001049
1626,0.201316,0.00001044
1627,0.104572,0.00001039
1628,0.184324,0.00001033
1629,0.117726,0.00001028
1630,0.128359,0.00001023
1631,0.065899,0.00001017
1632,0.136795,0.00001012
1633,0.095468,0.00001007
1634,0.197651,0.00001002
1635,0.099772,0.00000996
1636,0.109179,0.00000991
1637,0.236868,0.00000986
1638,0.012305,0.00000981
1639,0.105728,0.00000976
1640,0.099934,0.00000970
1641,0.147093,0.00000965
1642,0.131151,0.00000960
1643,0.062855,0.00000955
1644,0.062001,0.00000950
1645,0.003173,0.00000945
1646,0.164565,0.00000940
1647,0.119889,0.00000934
1648,0.216928,0.00000929
1649,0.182752,0.00000924
1650,0.202098,0.00000919
1651,0.165603,0.00000914
1652,0.046830,0.00000909
1653,0.177071,0.00000904
1654,0.194314,0.00000899
1655,0.069394,0.00000894
1656,0.045524,0.00000889
1657,0.104826,0.00000884
1658,0.095940,0.00000879
1659,0.036268,0.00000874
1660,0.095868,0.00000870
1661,0.199841,0.00000865
1662,0.083128,0.00000860
1663,0.044546,0.00000855
1664,0.187345,0.00000850
1665,0.122363,0.00000845
1666,0.298432,0.00000840
1667,0.101428,0.00000835
1668,0.059860,0.00000831
1669,0.162076,0.00000826
1670,0.140694,0.00000821
1671,0.109269,0.00000816
1672,0.189965,0.00000811
1673,0.173443,0.00000807
1674,0.126525,0.00000802
1675,0.055270,0.00000797
1676,0.084465,0.00000792
1677,0.075722,0.00000788
1678,0.073677,0.00000783
1679,0.126187,0.00000778
1680,0.148379,0.00000774
1681,0.145375,0.00000769
1682,0.142873,0.00000764
1683,0.117019,0.00000760
1684,0.118658,0.00000755
1685,0.060560,0.00000751
1686,0.062088,0.00000746
1687,0.204530,0.00000741
1688,0.179112,0.00000737
1689,0.067439,0.00000732
1690,0.158349,0.00000728
1691,0.055828,0.00000723
1692,0.233310,0.00000719
1693,0.195625,0.00000714
1694,0.205766,0.00000710
1695,0.127192,0.00000705
1696,0.109465,0.00000701
1697,0.154618,0.00000696
1698,0.191333,0.00000692
1699,0.129240,0.00000687
1700,0.258761,0.00000683
1701,0.339870,0.00000679
1702,0.123804,0.00000674
1703,0.143406,0.00000670
1704,0.178190,0.00000666
1705,0.104989,0.00000661
1706,0.055962,0.00000657
1707,0.057590,0.00000653
1708,0.196624,0.00000648
1709,0.060527,0.00000644
1710,0.224874,0.00000640
1711,0.105515,0.00000635
1712,0.129989,0.00000631
1713,0.047056,0.00000627
1714,0.243122,0.00000623
1715,0.141256,0.00000618
1716,0.265093,0.00000614
1717,0.117011,0.00000610
1718,0.247461,0.00000606
1719,0.069177,0.00000602
1720,0.055422,0.00000598
1721,0.068878,0.00000593
1722,0.280199,0.00000589
1723,0.110740,0.00000585
1724,0.087539,0.00000581
1725,0.116015,0.00000577
1726,0.095761,0.00000573
1727,0.160300,0.00000569
1728,0.121445,0.00000565
1729,0.211957,0.00000561
1730,0.153358,0.00000557
1731,0.108575,0.00000553
1732,0.134053,0.00000549
1733,0.102728,0.00000545
1734,0.147206,0.00000541
1735,0.132681,0.00000537
1736,0.063185,0.00000533
1737,0.121010,0.00000529
1738,0.093694,0.00000525
1739,0.122281,0.00000521
1740,0.143506,0.00000518
1741,0.076663,0.00000514
1742,0.131122,0.00000510
1743,0.062731,0.00000506
1744,0.154298,0.00000502
1745,0.165725,0.00000498
1746,0.112140,0.00000495
1747,0.145646,0.00000491
1748,0.169787,0.00000487
1749,0.176363,0.00000483
1750,0.249681,0.00000480
1751,0.139865,0.00000476
1752,0.173949,0.00000472
1753,0.080736,0.00000468
1754,0.180906,0.00000465
1755,0.204774,0.00000461
1756,0.160074,0.00000457
1757,0.160642,0.00000454
1758,0.186778,0.00000450
1759,0.123920,0.00000447
1760,0.075411,0.00000443
1761,0.113961,0.00000439
1762,0.049746,0.00000436
1763,0.125516,0.00000432
1764,0.245933,0.00000429
1765,0.048301,0.00000425
1766,0.080822,0.00000422
1767,0.089525,0.00000418
1768,0.058967,0.00000415
1769,0.152313,0.00000411
1770,0.115914,0.00000408
1771,0.181208,0.00000404
1772,0.182343,0.00000401
1773,0.133903,0.00000397
1774,0.130319,0.00000394
1775,0.151439,0.00000391
1776,0.153624,0.00000387
1777,0.161691,0.00000384
1778,0.143264,0.00000381
1779,0.099751,0.00000377
1780,0.106560,0.00000374
1781,0.119114,0.00000371
1782,0.100676,0.00000367
1783,0.120875,0.00000364
1784,0.087320,0.00000361
1785,0.114635,0.00000358
1786,0.127494,0.00000354
1787,0.040605,0.00000351
1788,0.147174,0.00000348
1789,0.229238,0.00000345
1790,0.134311,0.00000342
1791,0.146502,0.00000338
1792,0.370982,0.00000335
1793,0.038618,0.00000332
1794,0.295622,0.00000329
1795,0.157088,0.00000326
1796,0.110923,0.00000323
1797,0.187608,0.00000320
1798,0.129037,0.00000317
1799,0.143601,0.00000314
1800,0.122728,0.00000311
1801,0.198237,0.00000308
1802,0.100825,0.00000305
1803,0.157662,0.00000302
1804,0.060340,0.00000299
1805,0.144003,0.00000296
1806,0.035822,0.00000293
1807,0.049133,0.00000290
1808,0.083191,0.00000287
1809,0.184144,0.00000284
1810,0.186231,0.00000281
1811,0.107990,0.00000278
1812,0.250069,0.00000275
1813,0.119469,0.00000272
1814,0.040376,0.00000270
1815,0.168063,0.00000267
1816,0.177150,0.00000264
1817,0.195369,0.00000261
1818,0.101088,0.00000258
1819,0.122579,0.00000256
1820,0.109563,0.00000253
1821,0.159060,0.00000250
1822,0.196812,0.00000247
1823,0.145194,0.00000245
1824,0.106347,0.00000242
1825,0.064698,0.00000239
1826,0.126430,0.00000237
1827,0.088088,0.00000234
1828,0.152161,0.00000231
1829,0.095392,0.00000229
1830,0.091737,0.00000226
1831,0.161397,0.00000224
1832,0.144987,0.00000221
1833,0.210919,0.00000218
1834,0.054196,0.00000216
1835,0.106735,0.00000213
1836,0.150856,0.00000211
1837,0.157485,0.00000208
1838,0.062918,0.00000206
1839,0.099187,0.00000203
1840,0.204283,0.00000201
1841,0.173732,0.00000199
1842,0.141258,0.00000196
1843,0.096500,0.00000194
1844,0.087132,0.00000191
1845,0.108090,0.00000189
1846,0.192827,0.00000187
1847,0.150168,0.00000184
1848,0.061398,0.00000182
1849,0.121019,0.00000180
1850,0.163025,0.00000177
1851,0.110956,0.00000175
1852,0.197390,0.00000173
1853,0.078450,0.00000170
1854,0.100078,0.00000168
1855,0.020522,0.00000166
1856,0.052522,0.00000164
1857,0.151931,0.00000161
1858,0.043810,0.00000159
1859,0.045688,0.00000157
1860,0.234417,0.00000155
1861,0.175149,0.00000153
1862,0.128488,0.00000151
1863,0.146203,0.00000149
1864,0.065076,0.00000146
1865,0.099528,0.00000144
1866,0.097678,0.00000142
1867,0.118236,0.00000140
1868,0.194012,0.00000138
1869,0.017818,0.00000136
1870,0.040547,0.00000134
1871,0.156568,0.00000132
1872,0.109737,0.00000130
1873,0.070545,0.00000128
1874,0.148112,0.00000126
1875,0.037740,0.00000124
1876,0.012874,0.00000122
1877,0.125465,0.00000120
1878,0.224864,0.00000119
1879,0.196734,0.00000117
1880,0.154964,0.00000115
1881,0.078503,0.00000113
1882,0.114017,0.00000111
1883,0.049667,0.00000109
1884,0.032449,0.00000107
1885,0.142928,0.00000106
1886,0.251946,0.00000104
1887,0.140133,0.00000102
1888,0.148919,0.00000100
1889,0.062792,0.00000099
1890,0.292636,0.00000097
1891,0.269764,0.00000095
1892,0.115802,0.00000094
1893,0.154199,0.00000092
1894,0.083956,0.00000090
1895,0.120300,0.00000089
1896,0.141084,0.00000087
1897,0.157449,0.00000085
1898,0.069516,0.00000084
1899,0.155095,0.00000082
1900,0.158068,0.00000081
1901,0.100261,0.00000079
1902,0.272983,0.00000077
1903,0.087730,0.00000076
1904,0.152985,0.00000074
1905,0.146917,0.00000073
1906,0.117535,0.00000071
1907,0.082871,0.00000070
1908,0.172552,0.00000069
1909,0.193487,0.00000067
1910,0.140491,0.00000066
1911,0.037366,0.00000064
1912,0.108543,0.00000063
1913,0.235176,0.00000062
1914,0.060734,0.00000060
1915,0.103194,0.00000059
1916,0.100115,0.00000058
1917,0.145395,0.00000056
1918,0.241264,0.00000055
1919,0.165351,0.00000054
1920,0.115488,0.00000052
1921,0.090427,0.00000051
1922,0.130586,0.00000050
1923,0.167013,0.00000049
1924,0.234447,0.00000047
1925,0.207684,0.00000046
1926,0.187720,0.00000045
1927,0.163983,0.00000044
1928,0.159317,0.00000043
1929,0.088011,0.00000042
1930,0.171530,0.00000041
1931,0.130051,0.00000039
1932,0.010910,0.00000038
1933,0.272830,0.00000037
1934,0.189178,0.00000036
1935,0.079627,0.00000035
1936,0.098761,0.00000034
1937,0.116566,0.00000033
1938,0.144266,0.00000032
1939,0.116634,0.00000031
1940,0.099601,0.00000030
1941,0.063516,0.00000029
1942,0.095241,0.00000028
1943,0.223934,0.00000027
1944,0.128203,0.00000026
1945,0.057980,0.00000026
1946,0.144420,0.00000025
1947,0.187685,0.00000024
1948,0.091845,0.00000023
1949,0.154162,0.00000022
1950,0.121633,0.00000021
1951,0.123231,0.00000021
1952,0.204703,0.00000020
1953,0.109980,0.00000019
1954,0.169835,0.00000018
1955,0.062560,0.00000018
1956,0.071808,0.00000017
1957,0.113882,0.00000016
1958,0.122016,0.00000015
1959,0.218771,0.00000015
1960,0.068149,0.00000014
1961,0.193465,0.00000013
1962,0.089611,0.00000013
1963,0.116495,0.00000012
1964,0.125411,0.00000012
1965,0.073720,0.00000011
1966,0.117583,0.00000010
1967,0.196770,0.00000010
1968,0.139975,0.00000009
1969,0.095168,0.00000009
1970,0.088520,0.00000008
1971,0.138788,0.00000008
1972,0.085541,0.00000007
1973,0.131589,0.00000007
1974,0.272767,0.00000006
1975,0.075660,0.00000006
1976,0.114875,0.00000006
1977,0.170190,0.00000005
1978,0.072707,0.00000005
1979,0.108153,0.00000004
1980,0.075563,0.00000004
1981,0.189166,0.00000004
1982,0.128060,0.00000003
1983,0.170663,0.00000003
1984,0.080543,0.00000003
1985,0.205639,0.00000002
1986,0.115617,0.00000002
1987,0.118428,0.00000002
1988,0.129663,0.00000002
1989,0.092525,0.00000001
1990,0.134364,0.00000001
1991,0.111250,0.00000001
1992,0.087903,0.00000001
1993,0.165657,0.00000001
1994,0.098501,0.00000001
1995,0.041698,0.00000000
1996,0.240092,0.00000000
1997,0.176417,0.00000000
1998,0.091610,0.00000000
1999,0.089287,0.00000000
2000,0.191930,0.00000000
